<?xml version="1.0" encoding="UTF-8"?>
<ProductCatalog>
    <console id="1" retailer="GameSpeed">
        <image>1.jpg</image>
        <name>Gear S3 Classic</name>
        <desc>With Under Armour Connected Fitness on your Samsung</desc>
		<cate>Smart Watch</cate>
		<manf>Samsung</manf>
        <price>399</price>
		<rd>10%</rd>
		<md>8%</md>     
    </console>
	
	<console id="2" retailer="GameSpeed">
        <image>2.jpg</image>
        <name>Apple Watch Series 2</name>
        <desc>Apple Watch Series 2 is a superior sports watch th</desc>
		<cate>Smart Watch</cate>
		<manf>Apple</manf>
        <price>299</price>
		<rd>5%</rd>
		<md>8%</md>     
    </console>
	
	<console id="3" retailer="GameSpeed">
        <image>3.jpg</image>
        <name>JBL Charge 3 Portable Speakers</name>
        <desc>his water-resistant speaker delivers music and pho</desc>
		<cate>Speaker</cate>
		<manf>JBL</manf>
        <price>85</price>
		<rd>5%</rd>
		<md>5%</md>     
    </console>
	
	<console id="4" retailer="GameSpeed">
        <image>4.jpg</image>
        <name>iBall Dynamite 5.1 BT Computer</name>
        <desc>Attractive front panel with Woofer on front High q</desc>
		<cate>Speaker</cate>
		<manf>Iball</manf>
        <price>95</price>
		<rd>3%</rd>
		<md>10%</md>     
    </console>
	
	<console id="5" retailer="GameSpeed">
        <image>5.jpg</image>
        <name>Wireless Headphone</name>
        <desc>Featuring Pure Adaptive Noise Canceling that block</desc>
		<cate>Headphone</cate>
		<manf>JBL</manf>
        <price>599</price>
		<rd>10%</rd>
		<md>5%</md>     
    </console>
	
	<console id="6" retailer="GameSpeed">
        <image>6.jpg</image>
        <name>Bose SoundLink around-ear wire</name>
        <desc>Deep immersive sound improved eq-best-in-class p</desc>
		<cate>Headphone</cate>
		<manf>Bose</manf>
        <price>700</price>
		<rd>11%</rd>
		<md>3%</md>     
    </console>
	
	<console id="7" retailer="GameSpeed">
        <image>7.jpg</image>
        <name>Galaxy S8 Active 64GB</name>
        <desc>Galaxy S8 Active 64GB</desc>
		<cate>Mobile</cate>
		<manf>Samsung</manf>
        <price>699</price>
		<rd>0%</rd>
		<md>1%</md>     
    </console>
	
	<console id="8" retailer="GameSpeed">
        <image>8.jpg</image>
        <name>Apple Iphone 7 Plus</name>
        <desc>Apple Iphone 7 Plus</desc>
		<cate>Mobile</cate>
		<manf>Apple</manf>
        <price>799</price>
		<rd>1%</rd>
		<md>1%</md>     
    </console>
	
	<console id="9" retailer="GameSpeed">
        <image>9.jpg</image>
        <name>Apple Mackbook</name>
        <desc>Apple Mackbook</desc>
		<cate>Laptop</cate>
		<manf>Apple</manf>
        <price>1300</price>
		<rd>10%</rd>
		<md>8%</md>     
    </console>
	
	<console id="10" retailer="GameSpeed">
        <image>10.jpg</image>
        <name>Dell 5130</name>
        <desc>Dell I series 5130</desc>
		<cate>Laptop</cate>
		<manf>Dell</manf>
        <price>999</price>
		<rd>3%</rd>
		<md>8%</md>     
    </console>
	
	<console id="11" retailer="GameSpeed">
        <image>11.jpg</image>
        <name>Hard drive</name>
        <desc>ORICO 2589S3 2.5 inch USB3.0</desc>
		<cate>External Device</cate>
		<manf>Iball</manf>
        <price>199</price>
		<rd>10%</rd>
		<md>8%</md>     
    </console>
	
	<console id="12" retailer="GameSpeed">
        <image>12.jpg</image>
        <name>Flash Drive</name>
        <desc>Iball Evolution Cutility Cardinal</desc>
		<cate>External Device</cate>
		<manf>Iball</manf>
        <price>120</price>
		<rd>10%</rd>
		<md>8%</md>     
    </console>
	
	<console id="13" retailer="GameSpeed">
        <image>13.jpg</image>
        <name>Pen Drive</name>
        <desc>iBall 4 GB Pen Drive</desc>
		<cate>External Device</cate>
		<manf>Iball</manf>
        <price>199</price>
		<rd>10%</rd>
		<md>8%</md>     
    </console>
	
	<console id="999" >
        <image>999.jpg</image>
        <name>Warranty Card</name>
        <desc>Warranty Card</desc>
		<cate>Warranty Card</cate>
		<manf>All</manf>
        <price>10</price>
		<rd>0%</rd>
		<md>0%</md>     
    </console>
</ProductCatalog>